<?xml version="1.0" encoding="utf-8"?>
<!DOCTYPE rrd SYSTEM "http://oss.oetiker.ch/rrdtool/rrdtool.dtd">
<!-- Round Robin Database Dump -->
<rrd>
	<version>0003</version>
	<step>60</step> <!-- Seconds -->
	<lastupdate>1507576511</lastupdate> <!-- 2017-10-09 14:15:11 CDT -->

	<ds>
		<name> CPUload </name>
		<type> GAUGE </type>
		<minimal_heartbeat>600</minimal_heartbeat>
		<min>NaN</min>
		<max>NaN</max>

		<!-- PDP Status -->
		<last_ds>16</last_ds>
		<value>1.8382385100e+02</value>
		<unknown_sec> 0 </unknown_sec>
	</ds>

	<!-- Round Robin Archives -->
	<rra>
		<cf>AVERAGE</cf>
		<pdp_per_row>1</pdp_per_row> <!-- 60 seconds -->

		<params>
		<xff>5.0000000000e-01</xff>
		</params>
		<cdp_prep>
			<ds>
			<primary_value>1.5058150083e+01</primary_value>
			<secondary_value>0.0000000000e+00</secondary_value>
			<value>NaN</value>
			<unknown_datapoints>0</unknown_datapoints>
			</ds>
		</cdp_prep>
		<database>
			<!-- 2017-10-09 13:52:00 CDT / 1507575120 --> <row><v>1.6828439083e+01</v></row>
			<!-- 2017-10-09 13:53:00 CDT / 1507575180 --> <row><v>2.0082214400e+01</v></row>
			<!-- 2017-10-09 13:54:00 CDT / 1507575240 --> <row><v>1.9973211733e+01</v></row>
			<!-- 2017-10-09 13:55:00 CDT / 1507575300 --> <row><v>1.9418699267e+01</v></row>
			<!-- 2017-10-09 13:56:00 CDT / 1507575360 --> <row><v>1.5477285317e+01</v></row>
			<!-- 2017-10-09 13:57:00 CDT / 1507575420 --> <row><v>1.4539884717e+01</v></row>
			<!-- 2017-10-09 13:58:00 CDT / 1507575480 --> <row><v>1.5897303533e+01</v></row>
			<!-- 2017-10-09 13:59:00 CDT / 1507575540 --> <row><v>1.5818439383e+01</v></row>
			<!-- 2017-10-09 14:00:00 CDT / 1507575600 --> <row><v>1.3954919950e+01</v></row>
			<!-- 2017-10-09 14:01:00 CDT / 1507575660 --> <row><v>1.4852028200e+01</v></row>
			<!-- 2017-10-09 14:02:00 CDT / 1507575720 --> <row><v>1.6067579883e+01</v></row>
			<!-- 2017-10-09 14:03:00 CDT / 1507575780 --> <row><v>1.7242608583e+01</v></row>
			<!-- 2017-10-09 14:04:00 CDT / 1507575840 --> <row><v>1.9308969317e+01</v></row>
			<!-- 2017-10-09 14:05:00 CDT / 1507575900 --> <row><v>1.7588219317e+01</v></row>
			<!-- 2017-10-09 14:06:00 CDT / 1507575960 --> <row><v>2.0173626700e+01</v></row>
			<!-- 2017-10-09 14:07:00 CDT / 1507576020 --> <row><v>2.0020999967e+01</v></row>
			<!-- 2017-10-09 14:08:00 CDT / 1507576080 --> <row><v>2.4451861600e+01</v></row>
			<!-- 2017-10-09 14:09:00 CDT / 1507576140 --> <row><v>2.2977700283e+01</v></row>
			<!-- 2017-10-09 14:10:00 CDT / 1507576200 --> <row><v>2.4334186650e+01</v></row>
			<!-- 2017-10-09 14:11:00 CDT / 1507576260 --> <row><v>2.4517579500e+01</v></row>
			<!-- 2017-10-09 14:12:00 CDT / 1507576320 --> <row><v>2.3380720667e+01</v></row>
			<!-- 2017-10-09 14:13:00 CDT / 1507576380 --> <row><v>1.9578008017e+01</v></row>
			<!-- 2017-10-09 14:14:00 CDT / 1507576440 --> <row><v>1.4841671267e+01</v></row>
			<!-- 2017-10-09 14:15:00 CDT / 1507576500 --> <row><v>1.5058150083e+01</v></row>
		</database>
	</rra>
</rrd>
